<?xml version="1.0" encoding="utf-8"?>
<!DOCTYPE install PUBLIC "-//Joomla! 2.5//DTD template 1.0//EN" "https://www.joomla.org/xml/dtd/2.5/template-install.dtd">
<extension version="1.0" type="template" client="site" method="upgrade">
    <name>starazure_homerun</name>
    <version>1.0</version>
    <creationDate>03/2018</creationDate>
    <author>StarAzure LLC</author>
    <authorEmail>info.StarAzure@gmail.com</authorEmail>
    <copyright>Copyright (C) 2007 - 2018 StarAzure. All rights reserved.</copyright>
    <updateservers>
	<server type="template" name="starazure_homerun" priority="1">http://www.starazure.com/updates/themes/starazure_homerun.xml</server>
	</updateservers>
    <description>
        <![CDATA[
        <div align="center">
            <div class="alert alert-primary" style="background-color:#DFF0D8;border-color:#D6E9C6;color: #468847;padding: 1px 0;">
                
                <img src="https://farm8.staticflickr.com/7390/13075523155_65a44b8163_o.png" alt="StarAzure">
                    
                <h3 style="margin:15px 0 8px 0;">
                    
                    StarAzure HomeRun Theme - Light Weight - BootStrap 4 
                </h3>

                <hr>
                	<div class="alert alert-info" style="padding: 15px; margin:15px 0px;">
                	<h2>Oh Yea - You have the fastest Joomla theme on the planet ! </h2>
                    <br>
                	<a href="https://starazure.com/home/speed-comparison" target="_blank" class="btn btn-success">Learn More</a> 
                	</div>
      			<hr>
                <div class="alert alert-danger" style="padding: 15px; margin:15px 0px;">
                <p>Copyright 2018 <a href='//www.StarAzure.com/' title='Visit StarAzure.com!'>StarAzure.com</a>.</p>
                </div>
            </div>
            <style>table.adminform{width: 100%;}</style>
        </div>
        ]]>

    </description>
    <files>
        <filename>component.php</filename>
        <filename>error.php</filename>
        <filename>favicon.ico</filename>
        <filename>offline.php</filename>
        <filename>helper.php</filename>
        <filename>index.php</filename>
        <filename>templateDetails.xml</filename>
        <filename>template_preview.png</filename>
        <filename>template_thumbnail.png</filename>
        <folder>admin</folder>
        <folder>css</folder>
        <folder>etc</folder>
        <folder>html</folder>
        <folder>images</folder>
        <folder>js</folder>
        <folder>language</folder>
        <folder>site</folder>
        
    </files>
    <positions>
        <position>breadcrumb</position>
        <position>navigation</position>
        <position>nav-utility</position>
        <position>fullScreen</position>
        <position>top-a</position>
        <position>top-b</position>
        <position>sidebar-a</position>
        <position>sidebar-b</position>
        <position>bottom-a</position>
        <position>bottom-b</position>
        <position>footer</position>
        <position>copyright</position>
    </positions>
    <languages folder="language">
        <language tag="en-GB">en-GB/en-GB.tpl_starazure_homerun.ini</language>
        <language tag="en-GB">en-GB/en-GB.tpl_starazure_homerun.sys.ini</language>
    </languages>
   
    <config>


        <fields name="params">

         <fieldset name="updates">

		<field name="update" type="updates" size="30"
	    label=""
	    description ="COM_STAR_FIELD_DOWNLOADID_DESC" />

         </fieldset>

        <fieldset name="styles" addfieldpath="/templates/starazure_homerun/admin/field">
                <!-- helper and preview -->
                <field name="tplhelper" type="tplhelper" />
                <field type="tplhelper" task="html" file="templates/starazure_homerun/admin/info.html" />   

                <field name="stylePreview" type="iframePreview" class="custom-style-preview" default=""
                    label="TPL_STAR_PREVIEW"
                    description="TPL_STAR_PREVIEW_DESC" />        


            <!-- General color -->
                <field type="legend" icon="cubes"
                    label="TPL_STAR_COLORS"
                    description1="TPL_STAR_COLORS_DESC" expend="1" />

                <field type="legend"
                    label="TPL_STAR_MAIN_COLORS" subgroup="1" expend="1" />

                <field name="stylePrimaryColor" class="" type="color" default="#3F51B5"
                    label="TPL_STAR_PRIMARY_COLOR"
                    description="TPL_STAR_PRIMARY_COLOR" />
                <field name="styleSecondaryColor" class="" type="color" default="#616161"
                    label="TPL_STAR_SECONDARY_COLOR"
                    description="TPL_STAR_SECONDARY_COLOR" />
                <field name="styleInfoColor" class="" type="color" default="#009688"
                    label="TPL_STAR_INFO_COLOR"
                    description="TPL_STAR_INFO_COLOR" />
                <field name="styleWarningColor" class="" type="color" default="#FF8F00"
                    label="TPL_STAR_WARNING_COLOR"
                    description="TPL_STAR_WARNING_COLOR" />
                <field name="styleSuccessColor" class="" type="color" default="#2E7D32"
                    label="TPL_STAR_SUCCESS_COLOR"
                    description="TPL_STAR_DANGER_COLOR" />
                <field name="styleDangerColor" class="" type="color" default="#D32F2F"
                    label="TPL_STAR_DANGER_COLOR"
                    description="TPL_STAR_DANGER_COLOR" />
                <field name="styleDarkColor" class="" type="color" default="#212121"
                    label="TPL_STAR_DARK_COLOR"
                    description="TPL_STAR_DARK_COLOR" />
                <field name="styleLightColor" class="" type="color" default="#F5F5F5"
                    label="TPL_STAR_LIGHT_COLOR"
                    description="TPL_STAR_LIGHT_COLOR" />

                <field type="legend"
                    label="TPL_STAR_OTHER_COLORS" subgroup="1" expend="1" />
                <field name="stylebodyTextColor" class="" type="color" default="#000"
                    label="TPL_STAR_BODY_FONT_COLOR"
                    description="TPL_STAR_BODY_FONT_COLOR" />


            <!-- Google Webfont -->
                <field type="legend" icon="google"
                    label="TPL_STAR_GOOGLE_WEB_FONT"
                    description1="TPL_STAR_GOOGLE_WEB_FONT_DESC" />
                <field type="textarea" name="styleGoogleFonts" class="google-fonts" cols="40" rows="5" 
                    default="Roboto:100"
                    label="TPL_STAR_GOOGLE_FONT" description="Enter google fonts to be used" />

            <!-- Typography -->
                <field type="legend" icon="text-height"
                    label="TPL_STAR_TYPOGRAPHY"
                    description1="TPL_STAR_TYPOGRAPHY_DESC" />
                <field type="legend"
                    label="Body Font Options" subgroup="1" expend="1" />
                <field name="stylebodyFontFamily" class="google-font" type="googlefont" default="PT Sans"
                    label="TPL_STAR_BODY_FONT_LABEL"
                    description="TPL_STAR_BODY_FONT_DESC" />
                <field name="stylebodyFontSize" class="inline" type="text" default="16px"
                    label="TPL_STAR_BODY_FONT_SIZE_LABEL"
                    description="TPL_STAR_BODY_FONT_SIZE_DESC" />
                <field name="stylebodyFontWeight" class="inline" type="text" default="400"
                    label="TPL_STAR_BODY_FONT_WEIGHT_LABEL"
                    description="TPL_STAR_BODY_FONT_WEIGHT_DESC" />
                <field name="stylebodyLineHeight" class="inline" type="text" default="1.4"
                    label="TPL_STAR_BODY_LINE_HEIGHT_LABEL"
                    description="TPL_STAR_LINE_HEIGHT_DESC" />
                <field name="styleheadingFontFamily" class="google-font" type="googlefont" default="PT Sans"
                    label="TPL_STAR_HEADING_FONT_LABEL"
                    description="TPL_STAR_HEADING_FONT_DESC" />


            <!-- Header custom color -->
                <field type="legend" icon="list-alt"
                    label="TPL_STAR_HEADER_LABEL"
                    description1="TPL_STAR_HEADER_LABEL_GROUP_DESC" />

                <!-- Logo -->
                <field type="legend"
                    label="TPL_STAR_CUSTOM_LOGO" subgroup="1" expend="1" />
                <field name="styleLogoImage" class="full" type="media" default=""
                    label="TPL_STAR_LOGO_LABEL"
                    description="TPL_STAR_LOGO_DESC" />
                <field name="styleLogoWidth" class="inline" type="text" default="205px"
                    label="TPL_STAR_LOGO_WIDTH_LABEL"
                    description="TPL_STAR_LOGO_WIDTH_DESC" />
                <field name="styleLogoHeight" class="inline" type="text" default="90px"
                    label="TPL_STAR_LOGO_HEIGHT_LABEL"
                    description="TPL_STAR_LOGO_HEIGHT_DESC" />

                <!-- custom colors -->
                <field type="legend"
                    label="TPL_STAR_CUSTOM_COLORS" subgroup="1" expend="1" />
                <field name="styleNavBgColor" class="" type="color" hint="Default" default="343a40"
                    label="TPL_STAR_NAV_BG"
                    description="TPL_STAR_NAV_BG_DESC" />
                <field name="styleNavBorderColor" class="" type="color" default="#000"
                    label="TPL_STAR_NAV_BORDER"
                    description="TPL_STAR_NAV_BORDER_DESC" />
                <field name="styleNavTextColor" class="" type="color" hint="Default" default="#adadad"
                    label="TPL_STAR_NAV_TEXT_COLOR"
                    description="TPL_STAR_NAV_TEXT_COLOR_DESC" />
                <field name="styleNavTextActiveColor" class="" type="color" hint="Default" default="#fff"
                    label="TPL_STAR_NAV_TEXT_ACTIVE"
                    description="TPL_STAR_NAV_TEXT_ACTIVE_DESC" />
                <field name="styleNavTextHoverColor" class="" type="color" hint="Default" default="#fff"
                    label="TPL_STAR_NAV_TEXT_HOVER"
                    description="TPL_STAR_NAV_TEXT_HOVER_DESC" />

            <!-- Positions -->
                <field type="legend" icon="ruble" 
                    label="TPL_STAR_POSITION_LABEL" />
                <field name="stylefullScr_bg" class="" type="color" hint="Default" default="#00d1b2"
                    label="TPL_STAR_FULLSCREEN_BG"
                    description="TPL_STAR_FULLSCREEN_BG_DESC" />
                <field name="styletopA_bg" class="" type="color" hint="Default" default="#fff"
                    label="TPL_STAR_TOPA_BG"
                    description="TPL_STAR_TOPA_BG_DESC" />
                <field name="styletopB_bg" class="" type="color" hint="Default" default="#bfbfbf"
                    label="TPL_STAR_TOPB_BG"
                    description="TPL_STAR_TOPB_BG_DESC" />
                <field name="stylemainContent_bg" class="" type="color" hint="Default" default="#fff"
                    label="TPL_STAR_MAIN_BG"
                    description="TPL_STAR_MAIN_BG_DESC" />
                <field name="stylebottomA_bg" class="" type="color" hint="Default" default="#fff"
                    label="TPL_STAR_BOTTOMA_BG"
                    description="TPL_STAR_BOTTOMA_BG_DESC" />
                <field name="stylebottomB_bg" class="" type="color" hint="Default" default="#000"
                    label="TPL_STAR_BOTTOMB_BG"
                    description="TPL_STAR_BOTTOMB_BG_DESC" />
                <field name="stylestarFooter_bg" class="" type="color" hint="Default" default="#232f3e"
                    label="TPL_STAR_FOOTER_BG"
                    description="TPL_STAR_FOOTER_BG_DESC" />
                <field name="stylestarCopyright_bg" class="" type="color" hint="Default" default="#131a22"
                    label="TPL_STAR_COPYRIGHT_BG"
                    description="TPL_STAR_COPYRIGHT_BG_DESC" />
                <field name="stylestarCopyright_color" class="" type="color" hint="Default" default="#fff"
                    label="TPL_STAR_COPYRIGHT_COLOR"
                    description="TPL_STAR_COPYRIGHT_COLOR_DESC" />

                <!-- Login & Register -->
                <field type="legend" icon="expeditedssl" 
                    label="TPL_STAR_LOGIN_REGISTER" />
                <field name="styleLoginLogoImage" class="full" type="media" default="" hint="No Image"
                    label="Logo"
                    description="TPL_STAR_LOGIN_LOGO" />
                <field name="styleLoginLogoWidth" class="inline" type="text" default="205px"
                    label="Logo Width"
                    description="TPL_STAR_LOGO_WIDTH_DESC" />
                <field name="styleLoginLogoHeight" class="inline" type="text" default="90px"
                    label="Logo Height"
                    description="TPL_STAR_LOGO_HEIGHT_DESC" />


                <field type="legend" icon="paste"
                    label="TPL_STAR_PRESET_GROUP" class="preset" />
                <field type="preset" class="preset" name="stylepresets" group="styles" label="Presets" description="TPL_STAR_PRESET_DESC" />                  

            </fieldset>

         <!-- Do not remove this - Dropdown becomes empty -->
            <fieldset name="layout">  
               <!-- Header Right -->               

                <field type="layouts" class="" default="content-sidebara-sidebarb" name="layouts" group="layouts" label="Layouts" description="TPL_STAR_PRESET_DESC" />                  
            </fieldset>
        <!-- Do not remove this - Dropdown becomes empty -->


            <fieldset name="advanced">

                <field type="legend" icon="code"
                    label="TPL_STAR_CUSTOM_CODE_GROUP" />

                <field name="advancedCodeEnable" type="legend" subgroup="1"
                    label="TPL_STAR_CUSTOM_CODE_GROUP" enabler="top" />

                <field name="customCodeAfterHead" class="WideTextArea" type="textarea" default=""
                  label="TPL_STAR_AFTER_HEAD_LABEL"
                  description="TPL_STAR_AFTER_HEAD_DESC" rows="6" cols="80" filter="raw" />

                <field name="customCodeBeforeHead" class="" type="textarea" default=""
                  label="TPL_STAR_BEFORE_HEAD_LABEL"
                  description="TPL_STAR_BEFORE_HEAD_DESC" rows="6" cols="80" filter="raw" />

                <field name="customCodeBeforeBody" class="" type="textarea" default=""
                  label="TPL_STAR_BEFORE_BODY_LABEL"
                  description="TPL_STAR_BEFORE_BODY_DESC" rows="6" cols="80" filter="raw" />

                <field name="customCodeAfterBody" class="" type="textarea" default=""
                  label="TPL_STAR_AFTER_BODY_LABEL"
                  description="TPL_STAR_AFTER_BODY_DESC" rows="6" cols="80" filter="raw" />



                <!-- Position Options -->
                <field type="legend" icon="joomla"
                    label="Positions"
                    description1="Template Position Options" expend="1" />

                <field
                    name="sitetitle"
                    type="text"
                    label="JGLOBAL_TITLE"
                    description="JFIELD_ALT_PAGE_TITLE_LABEL"
                    default=""
                    filter="string"
                />

                <field
                    name="sitedescription"
                    type="text"
                    label="JGLOBAL_DESCRIPTION"
                    description="JGLOBAL_SUBHEADING_DESC"
                    default=""
                    filter="string"
                />



<field type="spacer" name="fullScrSpace" hr="true" />
                <field
                    name="fullContainer"
                    type="radio"
                    label="FullScreen Layout"
                    description="Width of FullScreen - Fuild or Static"
                    class="btn-group btn-group-yesno"
                    default="1"
                    >
                    <option value="1">Full</option>
                    <option value="0">Static</option>
                </field>

<field type="spacer" name="topaSpace" hr="true" />

                <field
                    name="top-a-width"
                    type="radio"
                    label="Top A Width"
                    description="Width of Top A position"
                    class="btn-group btn-group-yesno"
                    default="0"
                    >
                    <option value="1">Full Width</option>
                    <option value="0">Container</option>
                </field>

                <field
                    name="top-a-color"
                    type="list"
                    label="Top A Background"
                    description="Background Color of Top A position"
                    default="none"
                    >
                    <option value="image">image</option>
                    <option value="none">default</option>
                    <option value="primary">primary</option>
                    <option value="secondary">secondary</option>
                    <option value="success">success</option>
                    <option value="info">info</option>
                    <option value="danger">danger</option>
                    <option value="warning">warning</option>
                    <option value="light">light</option>
                    <option value="dark">dark</option>
                </field>

                <field
                    name="top-a-padding"
                    type="range"
                    default="3"
                    label="Top A Vertical Padding"
                    description="Top and Bottom padding"
                    min="0"
                    max="5"
                    step="1" />

<field type="spacer" name="topbSpace" hr="true" />

                <field
                    name="top-b-width"
                    type="radio"
                    label="Top B Width"
                    description="Width of Top B position"
                    class="btn-group btn-group-yesno"
                    default="0"
                    >
                    <option value="1">Full Width</option>
                    <option value="0">Container</option>
                </field>

                <field
                    name="top-b-color"
                    type="list"
                    label="Top B Background"
                    description="Background Color of Top B position"
                    default="none"
                    >
                    <option value="image">image</option>
                    <option value="none">default</option>
                  <option value="primary">primary</option>
                  <option value="secondary">secondary</option>
                  <option value="success">success</option>
                  <option value="info">info</option>
                  <option value="danger">danger</option>
                  <option value="warning">warning</option>
                  <option value="light">light</option>
                  <option value="dark">dark</option>
                </field>

                <field
                    name="top-b-padding"
                    type="range"
                    default="3"
                    label="Top B Vertical Padding"
                    description="Top and Bottom padding"
                    min="0"
                    max="5"
                    step="1" />

        <field type="spacer" name="botaSpace" hr="true" />

                                <field
                                    name="bot-a-width"
                                    type="radio"
                                    label="Bottom A Width"
                                    description="Width of Bottom A position"
                                    class="btn-group btn-group-yesno"
                                    default="0"
                                    >
                                    <option value="1">Full Width</option>
                                    <option value="0">Container</option>
                                </field>

                                <field
                                    name="bot-a-color"
                                    type="list"
                                    label="Bottom A Background"
                                    description="Background Color of Bottom A position"
                                    default="none"
                                    >
                                    <option value="image">image</option>
                                    <option value="none">default</option>
                                  <option value="primary">primary</option>
                                  <option value="secondary">secondary</option>
                                  <option value="success">success</option>
                                  <option value="info">info</option>
                                  <option value="danger">danger</option>
                                  <option value="warning">warning</option>
                                  <option value="light">light</option>
                                  <option value="dark">dark</option>
                                </field>

                                <field
                                    name="bot-a-padding"
                                    type="range"
                                    default="3"
                                    label="Bottom A Vertical Padding"
                                    description="Top and Bottom padding"
                                    min="0"
                                    max="5"
                                    step="1" />

                <field type="spacer" name="botbSpace" hr="true" />

                                <field
                                    name="bot-b-width"
                                    type="radio"
                                    label="Bottom B Width"
                                    description="Width of Bottom B position"
                                    class="btn-group btn-group-yesno"
                                    default="0"
                                    >
                                    <option value="1">Full Width</option>
                                    <option value="0">Container</option>
                                </field>

                                <field
                                    name="bot-b-color"
                                    type="list"
                                    label="Bottom B Background"
                                    description="Background Color of Bottom B position"
                                    default="none"
                                    >
                                    <option value="none">default</option>
                                  <option value="primary">primary</option>
                                  <option value="secondary">secondary</option>
                                  <option value="success">success</option>
                                  <option value="info">info</option>
                                  <option value="danger">danger</option>
                                  <option value="warning">warning</option>
                                  <option value="light">light</option>
                                  <option value="dark">dark</option>
                                </field>

                                <field
                                    name="bot-b-padding"
                                    type="range"
                                    default="3"
                                    label="Bottom B Vertical Padding"
                                    description="Top and Bottom padding"
                                    min="0"
                                    max="5"
                                    step="1" />

                <field type="spacer" name="footerSpace" hr="true" />

                                <field
                                    name="footer-width"
                                    type="radio"
                                    label="Footer Width"
                                    description="Width of Footer position"
                                    class="btn-group btn-group-yesno"
                                    default="0"
                                    >
                                    <option value="1">Full Width</option>
                                    <option value="0">Container</option>
                                </field>

                                <field
                                    name="footer-color"
                                    type="list"
                                    label="Footer Background"
                                    description="Background Color of Footer position"
                                    default="none"
                                    >
                                    <option value="image">image</option>
                                    <option value="none">default</option>
                                  <option value="primary">primary</option>
                                  <option value="secondary">secondary</option>
                                  <option value="success">success</option>
                                  <option value="info">info</option>
                                  <option value="danger">danger</option>
                                  <option value="warning">warning</option>
                                  <option value="light">light</option>
                                  <option value="dark">dark</option>
                                </field>

                                <field
                                    name="image"
                                    type="media"
                                    label="Choose Image"
                                    description="Image"
                                    class=""
                                    showon="footer-color:image"
                                    default=""
                                />

                                <field
                                    name="footer-padding"
                                    type="range"
                                    default="3"
                                    label="Footer Vertical Padding"
                                    description="Top and Bottom padding"
                                    min="0"
                                    max="5"
                                    step="1" />

            <field type="spacer" name="copyrightSpace" hr="true" />

                    <field
                        name="copy-width"
                        type="radio"
                        label="Copyright Width"
                        description="Width of Copyright position"
                        class="btn-group btn-group-yesno"
                        default="0"
                        >
                        <option value="1">Full Width</option>
                        <option value="0">Container</option>
                    </field>

                    <field
                        name="copy-color"
                        type="list"
                        label="Copyright Background"
                        description="Background Color of Copyright position"
                        default="none"
                        >
                        <option value="none">default</option>
                        <option value="primary">primary</option>
                        <option value="secondary">secondary</option>
                        <option value="success">success</option>
                        <option value="info">info</option>
                        <option value="danger">danger</option>
                        <option value="warning">warning</option>
                        <option value="light">light</option>
                        <option value="dark">dark</option>
                    </field>

                    <field
                        name="copy-padding"
                        type="range"
                        default="3"
                        label="Copyright Vertical Padding"
                        description="Top and Bottom padding"
                        min="0"
                        max="5"
                        step="1" />


                <field name="copy_text_color" type="list" default="none" label="Copyright Text Color">
                  <option value="none">default</option>
                          <option value="primary">primary</option>
                          <option value="secondary">secondary</option>
                          <option value="success">success</option>
                          <option value="info">info</option>
                          <option value="danger">danger</option>
                          <option value="warning">warning</option>
                          <option value="light">light</option>
                          <option value="dark">dark</option>
                          <option value="white">white</option>
                          <option value="muted">muted</option>
                </field>

                        <field
                            name="foot_menu"
                            type="radio"
                            label="Display Horizontal Menu"
                            description="Do you want to display a horizontal menu?"
                            class="btn-group btn-group-yesno"
                            default="1"
                            >
                            <option value="1">JYES</option>
                            <option value="0">JNO</option>
                        </field>

                        <field name="foot_small_menu" type="menu" default="none" showon="foot_menu:1"
                            label="Copyright Section Menu" description="Select a menu" />

            <field type="spacer" name="FinalSpace" hr="true" />


            



            </fieldset>



        </fields>
    </config>
</extension>
